n,algo,best_cost,runtime_sec,time_convergence_iter
50,SA,606.6872940888279,0.17032217979431152,13514
50,ACO,626.3028072319124,0.8130865097045898,25
50,Tabu,590.7924873203468,3.1923959255218506,650
100,SA,902.7277729514117,0.28372955322265625,19963
100,ACO,873.3375304342418,3.1679344177246094,15
100,Tabu,905.0821472684719,5.497802495956421,528
200,SA,1351.6061774773336,1.0184788703918457,1
200,ACO,1226.093711231967,12.17702579498291,54
200,Tabu,1289.2036198417666,9.941882848739624,1200
